{"cameraMode":{"drawMode":0,"name":"Shaded","section":"Shading Mode"},"sceneLighting":true,"audioPlay":false,"sceneViewState":{"showFog":false,"showMaterialUpdate":true,"showSkybox":false,"showFlares":true,"showImageEffects":true,"showParticleSystems":true},"in2DMode":false,"pivot":{"x":59.7757568359375,"y":39.620086669921878,"z":3.326690673828125},"rotation":{"x":0.06526023149490357,"y":0.9332907199859619,"z":-0.2212938517332077,"w":0.27526214718818667},"size":261.7317199707031,"orthographic":false}